{"cameraMode":{"drawMode":0,"name":"Shaded","section":"Shading Mode"},"sceneLighting":false,"audioPlay":false,"sceneViewState":{"showFog":true,"showMaterialUpdate":false,"showSkybox":false,"showFlares":true,"showImageEffects":true,"showParticleSystems":true},"in2DMode":false,"pivot":{"x":-229.5411834716797,"y":88.56051635742188,"z":373.5812072753906},"rotation":{"x":-0.1517992615699768,"y":-0.17339089512825013,"z":0.027059154585003854,"w":-0.9727084636688232},"size":248.48104858398438,"orthographic":false}