{"cameraMode":{"drawMode":0,"name":"Shaded","section":"Shading Mode"},"sceneLighting":false,"audioPlay":false,"sceneViewState":{"showFog":true,"showMaterialUpdate":false,"showSkybox":false,"showFlares":true,"showImageEffects":true,"showParticleSystems":true},"in2DMode":false,"pivot":{"x":0.14684852957725526,"y":2.7960989475250246,"z":-0.4129764437675476},"rotation":{"x":-0.043845366686582568,"y":0.033788733184337619,"z":-0.0019849413074553015,"w":-0.9984709024429321},"size":1.1755234003067017,"orthographic":false}