{"cameraMode":{"drawMode":0,"name":"Shaded","section":"Shading Mode"},"sceneLighting":false,"audioPlay":false,"sceneViewState":{"showFog":true,"showMaterialUpdate":false,"showSkybox":false,"showFlares":true,"showImageEffects":true,"showParticleSystems":true},"in2DMode":false,"pivot":{"x":0.10625505447387696,"y":1.7881393432617188e-7,"z":-0.04527932405471802},"rotation":{"x":-0.027358651161193849,"y":0.03831245005130768,"z":-0.0015502984169870616,"w":-0.9988954067230225},"size":4.5414934158325199,"orthographic":false}