{"cameraMode":{"drawMode":0,"name":"Shaded","section":"Shading Mode"},"sceneLighting":false,"audioPlay":false,"sceneViewState":{"showFog":true,"showMaterialUpdate":false,"showSkybox":false,"showFlares":true,"showImageEffects":true,"showParticleSystems":true},"in2DMode":false,"pivot":{"x":0.014999866485595703,"y":3.909891128540039,"z":7.678107738494873},"rotation":{"x":-0.027358651161193849,"y":0.03831245005130768,"z":-0.0015502984169870616,"w":-0.9988954067230225},"size":34.849090576171878,"orthographic":false}