{"cameraMode":{"drawMode":0,"name":"Shaded","section":"Shading Mode"},"sceneLighting":false,"audioPlay":false,"sceneViewState":{"showFog":true,"showMaterialUpdate":false,"showSkybox":false,"showFlares":true,"showImageEffects":true,"showParticleSystems":true},"in2DMode":false,"pivot":{"x":0.03751957416534424,"y":0.0,"z":0.0031867027282714845},"rotation":{"x":-0.027358651161193849,"y":0.03831245005130768,"z":-0.0015502984169870616,"w":-0.9988954067230225},"size":4.028530120849609,"orthographic":false}