{"cameraMode":{"drawMode":0,"name":"Shaded","section":"Shading Mode"},"sceneLighting":false,"audioPlay":false,"sceneViewState":{"showFog":true,"showMaterialUpdate":false,"showSkybox":false,"showFlares":true,"showImageEffects":true,"showParticleSystems":true},"in2DMode":false,"pivot":{"x":0.009602606296539307,"y":-5.960464477539063e-8,"z":0.002008795738220215},"rotation":{"x":-0.027358651161193849,"y":0.03831245005130768,"z":-0.0015502984169870616,"w":-0.9988954067230225},"size":3.9806067943573,"orthographic":false}