{"cameraMode":{"drawMode":0,"name":"Shaded","section":"Shading Mode"},"sceneLighting":false,"audioPlay":false,"sceneViewState":{"showFog":true,"showMaterialUpdate":false,"showSkybox":false,"showFlares":true,"showImageEffects":true,"showParticleSystems":true},"in2DMode":false,"pivot":{"x":190.77371215820313,"y":-12.907857894897461,"z":119.4781723022461},"rotation":{"x":-0.11964679509401322,"y":-0.0782519280910492,"z":0.009459114633500576,"w":-0.9896864891052246},"size":465.44879150390627,"orthographic":false}